scenario,mode,cache,clients,repetitions,viewsSent,viewsCompleted,incompleteViews,firstUsefulN,firstUsefulMedianMs,firstUsefulP95Ms,planMedianMs,planP95Ms,doneN,doneMedianMs,doneP95Ms,jpegBytesMedianPerRun,applicationBytesMedianPerRun,obsoleteTileRatio,obsoleteByteRatio,errors,failedClients,serverMaxRssBytes,serverMaxHeapUsedBytes,serverMaxCacheResidentBytes,serverMaxDiskQueued,serverMaxTileReadWaiting,serverMaxTransientReservedBytes,campaignDir
aggressive,no-cancel,cold,1,5,60,60,0,5,198.240949,215.455925,2.6445285,16.445531,60,170.721367,209.836085,1129423,1188394,0.9210727969348659,0.9258814808471089,0,0,106807296,30322656,140534,0,0,4702,results/e24/formal-20261004T072126Z/aggressive/e24-20261004T073221Z-no-cancel-cold-c1-aggressive
aggressive,normal,cold,1,5,60,5,55,8,9.1182445,12.586308,2.0506275,15.492674,5,35.907763,46.009015,94642,103477,0.05405405405405406,0.06086314039555104,0,0,97890304,22532280,85416,0,0,0,results/e24/formal-20261004T072126Z/aggressive/e24-20261004T073139Z-normal-cold-c1-aggressive
aggressive,no-cancel,cold,5,5,300,300,0,25,224.551045,244.960055,4.152938,20.854782,300,196.846742,241.195553,5729661,6027929,0.9198717948717948,0.9253969796711835,0,0,176173056,64449984,140534,2,0,19273,results/e24/formal-20261004T072126Z/aggressive/e24-20261004T073306Z-no-cancel-cold-c5-aggressive
aggressive,normal,cold,5,5,300,25,275,25,34.060978,43.768517,5.1203745000000005,22.552049,25,89.053434,97.232935,427080,469158,0.0,0.0,0,0,152969216,55761520,85416,0,0,2753,results/e24/formal-20261004T072126Z/aggressive/e24-20261004T073351Z-normal-cold-c5-aggressive
aggressive,no-cancel,cold,20,5,1200,1200,0,100,463.482912,488.513721,14.3770655,28.48966,1200,346.376542,484.899161,22838064,24027086,0.9194133598136195,0.924953832491908,0,0,225689600,101663704,140534,4,0,46682,results/e24/formal-20261004T072126Z/aggressive/e24-20261004T073523Z-no-cancel-cold-c20-aggressive
aggressive,normal,cold,20,5,1200,100,1100,100,43.9386935,51.827068,14.472224,32.834337,100,109.47963949999999,133.060673,1708320,1876632,0.0,0.0,0,0,192225280,40017304,107165,4,12,21920,results/e24/formal-20261004T072126Z/aggressive/e24-20261004T073436Z-normal-cold-c20-aggressive
aggressive,no-cancel,warm,1,5,60,60,0,10,14.187809,34.439834,2.482787,5.72044,60,25.963297,34.635391,1103386,1160032,0.9161341853035144,0.9233634935107139,0,0,130166784,51638776,140534,0,0,4700,results/e24/formal-20261004T072126Z/aggressive/e24-20261004T073611Z-no-cancel-warm-c1-aggressive
aggressive,normal,warm,1,5,60,6,54,52,2.158397,5.09669,1.716176,4.850112,6,6.7740795,10.423225,638146,672388,0.40083217753120665,0.4057197636706821,0,0,113524736,38858912,118267,0,0,0,results/e24/formal-20261004T072126Z/aggressive/e24-20261004T073653Z-normal-warm-c1-aggressive
aggressive,no-cancel,warm,5,5,300,300,0,47,89.598059,111.106567,17.091929999999998,28.519096,300,84.8677895,112.798273,5599476,5886119,0.9168392544209018,0.9239148150111711,0,0,295784448,128121864,140534,1,0,4728,results/e24/formal-20261004T072126Z/aggressive/e24-20261004T073816Z-no-cancel-warm-c5-aggressive
aggressive,normal,warm,5,5,300,25,275,49,7.415765,14.191779,18.3787625,29.691438,25,19.038622,22.006672,1473407,1563402,0.6830006049606776,0.7071276851362391,0,0,173674496,65802344,123030,1,0,0,results/e24/formal-20261004T072126Z/aggressive/e24-20261004T073734Z-normal-warm-c5-aggressive
aggressive,no-cancel,warm,20,5,1200,1200,0,103,357.24973,396.497254,41.989593,62.910144,1200,256.82708049999997,378.52344,22317324,23459846,0.9197464418131802,0.925259764280065,0,0,296710144,153359968,140534,5,0,9707,results/e24/formal-20261004T072126Z/aggressive/e24-20261004T073859Z-no-cancel-warm-c20-aggressive
aggressive,normal,warm,20,5,1200,100,1100,100,29.601163,40.147548,41.9143695,62.02113,100,62.087269,68.389569,3401006,3646648,0.4929364278506559,0.5108452072322553,0,0,257081344,115926176,130466,0,0,0,results/e24/formal-20261004T072126Z/aggressive/e24-20261004T073944Z-normal-warm-c20-aggressive
